item_name,item_image_src,item_image,item_data,created_on 
Image_0001, http://127.0.0.1:5500/Categories%5Caccordion%5Cimage_0001.jpg, , 41.jpg, , n/a, 2025-09-18_02:28:10
Image_0002, http://127.0.0.1:5500/Categories%5Caccordion%5Cimage_0002.jpg, , 57.jpg, , n/a, 2025-09-18_02:28:11
Image_0003, http://127.0.0.1:5500/Categories%5Caccordion%5Cimage_0003.jpg, , 77.jpg, , n/a, 2025-09-18_02:28:11
Image_0004, http://127.0.0.1:5500/Categories%5Caccordion%5Cimage_0004.jpg, , 42.jpg, , n/a, 2025-09-18_02:28:11
Image_0005, http://127.0.0.1:5500/Categories%5Caccordion%5Cimage_0005.jpg, , 64.jpg, , n/a, 2025-09-18_02:28:11
Image_0006, http://127.0.0.1:5500/Categories%5Caccordion%5Cimage_0006.jpg, , 23.jpg, , n/a, 2025-09-18_02:28:11
Image_0007, http://127.0.0.1:5500/Categories%5Caccordion%5Cimage_0007.jpg, , 21.jpg, , n/a, 2025-09-18_02:28:11
Image_0008, http://127.0.0.1:5500/Categories%5Caccordion%5Cimage_0008.jpg, , 76.jpg, , n/a, 2025-09-18_02:28:11
Image_0009, http://127.0.0.1:5500/Categories%5Caccordion%5Cimage_0009.jpg, , 81.jpg, , n/a, 2025-09-18_02:28:11
Image_0010, http://127.0.0.1:5500/Categories%5Caccordion%5Cimage_0010.jpg, , 58.jpg, , n/a, 2025-09-18_02:28:11
Image_0011, http://127.0.0.1:5500/Categories%5Caccordion%5Cimage_0011.jpg, , 3.jpg, , n/a, 2025-09-18_02:28:11
Image_0012, http://127.0.0.1:5500/Categories%5Caccordion%5Cimage_0012.jpg, , 61.jpg, , n/a, 2025-09-18_02:28:11
Image_0013, http://127.0.0.1:5500/Categories%5Caccordion%5Cimage_0013.jpg, , 25.jpg, , n/a, 2025-09-18_02:28:11
Image_0014, http://127.0.0.1:5500/Categories%5Caccordion%5Cimage_0014.jpg, , 4.jpg, , n/a, 2025-09-18_02:28:11
Image_0015, http://127.0.0.1:5500/Categories%5Caccordion%5Cimage_0015.jpg, , 40.jpg, , n/a, 2025-09-18_02:28:11
Image_0016, http://127.0.0.1:5500/Categories%5Caccordion%5Cimage_0016.jpg, , 93.jpg, , n/a, 2025-09-18_02:28:11
Image_0017, http://127.0.0.1:5500/Categories%5Caccordion%5Cimage_0017.jpg, , 36.jpg, , n/a, 2025-09-18_02:28:11
Image_0018, http://127.0.0.1:5500/Categories%5Caccordion%5Cimage_0018.jpg, , 92.jpg, , n/a, 2025-09-18_02:28:11
Image_0019, http://127.0.0.1:5500/Categories%5Caccordion%5Cimage_0019.jpg, , 19.jpg, , n/a, 2025-09-18_02:28:11
Image_0020, http://127.0.0.1:5500/Categories%5Caccordion%5Cimage_0020.jpg, , 65.jpg, , n/a, 2025-09-18_02:28:11
Image_0021, http://127.0.0.1:5500/Categories%5Caccordion%5Cimage_0021.jpg, , 42.jpg, , n/a, 2025-09-18_02:28:11
Image_0022, http://127.0.0.1:5500/Categories%5Caccordion%5Cimage_0022.jpg, , 59.jpg, , n/a, 2025-09-18_02:28:11
Image_0023, http://127.0.0.1:5500/Categories%5Caccordion%5Cimage_0023.jpg, , 8.jpg, , n/a, 2025-09-18_02:28:11
Image_0024, http://127.0.0.1:5500/Categories%5Caccordion%5Cimage_0024.jpg, , 83.jpg, , n/a, 2025-09-18_02:28:11
Image_0025, http://127.0.0.1:5500/Categories%5Caccordion%5Cimage_0025.jpg, , 62.jpg, , n/a, 2025-09-18_02:28:11
Image_0026, http://127.0.0.1:5500/Categories%5Caccordion%5Cimage_0026.jpg, , 98.jpg, , n/a, 2025-09-18_02:28:11
Image_0027, http://127.0.0.1:5500/Categories%5Caccordion%5Cimage_0027.jpg, , 48.jpg, , n/a, 2025-09-18_02:28:11
Image_0028, http://127.0.0.1:5500/Categories%5Caccordion%5Cimage_0028.jpg, , 89.jpg, , n/a, 2025-09-18_02:28:11
Image_0029, http://127.0.0.1:5500/Categories%5Caccordion%5Cimage_0029.jpg, , 83.jpg, , n/a, 2025-09-18_02:28:11
Image_0030, http://127.0.0.1:5500/Categories%5Caccordion%5Cimage_0030.jpg, , 97.jpg, , n/a, 2025-09-18_02:28:11
Image_0031, http://127.0.0.1:5500/Categories%5Caccordion%5Cimage_0031.jpg, , 61.jpg, , n/a, 2025-09-18_02:28:11
Image_0032, http://127.0.0.1:5500/Categories%5Caccordion%5Cimage_0032.jpg, , 18.jpg, , n/a, 2025-09-18_02:28:11
Image_0033, http://127.0.0.1:5500/Categories%5Caccordion%5Cimage_0033.jpg, , 11.jpg, , n/a, 2025-09-18_02:28:11
Image_0034, http://127.0.0.1:5500/Categories%5Caccordion%5Cimage_0034.jpg, , 58.jpg, , n/a, 2025-09-18_02:28:11
Image_0035, http://127.0.0.1:5500/Categories%5Caccordion%5Cimage_0035.jpg, , 34.jpg, , n/a, 2025-09-18_02:28:11
Image_0036, http://127.0.0.1:5500/Categories%5Caccordion%5Cimage_0036.jpg, , 92.jpg, , n/a, 2025-09-18_02:28:11
Image_0037, http://127.0.0.1:5500/Categories%5Caccordion%5Cimage_0037.jpg, , 3.jpg, , n/a, 2025-09-18_02:28:11
Image_0038, http://127.0.0.1:5500/Categories%5Caccordion%5Cimage_0038.jpg, , 62.jpg, , n/a, 2025-09-18_02:28:11
Image_0039, http://127.0.0.1:5500/Categories%5Caccordion%5Cimage_0039.jpg, , 61.jpg, , n/a, 2025-09-18_02:28:11
Image_0040, http://127.0.0.1:5500/Categories%5Caccordion%5Cimage_0040.jpg, , 20.jpg, , n/a, 2025-09-18_02:28:11
Image_0041, http://127.0.0.1:5500/Categories%5Caccordion%5Cimage_0041.jpg, , 42.jpg, , n/a, 2025-09-18_02:28:11
Image_0042, http://127.0.0.1:5500/Categories%5Caccordion%5Cimage_0042.jpg, , 17.jpg, , n/a, 2025-09-18_02:28:11
Image_0043, http://127.0.0.1:5500/Categories%5Caccordion%5Cimage_0043.jpg, , 66.jpg, , n/a, 2025-09-18_02:28:11
Image_0044, http://127.0.0.1:5500/Categories%5Caccordion%5Cimage_0044.jpg, , 35.jpg, , n/a, 2025-09-18_02:28:11
Image_0045, http://127.0.0.1:5500/Categories%5Caccordion%5Cimage_0045.jpg, , 19.jpg, , n/a, 2025-09-18_02:28:11
Image_0046, http://127.0.0.1:5500/Categories%5Caccordion%5Cimage_0046.jpg, , 53.jpg, , n/a, 2025-09-18_02:28:11
Image_0047, http://127.0.0.1:5500/Categories%5Caccordion%5Cimage_0047.jpg, , 28.jpg, , n/a, 2025-09-18_02:28:11
Image_0048, http://127.0.0.1:5500/Categories%5Caccordion%5Cimage_0048.jpg, , 34.jpg, , n/a, 2025-09-18_02:28:11
Image_0049, http://127.0.0.1:5500/Categories%5Caccordion%5Cimage_0049.jpg, , 55.jpg, , n/a, 2025-09-18_02:28:11
Image_0050, http://127.0.0.1:5500/Categories%5Caccordion%5Cimage_0050.jpg, , 21.jpg, , n/a, 2025-09-18_02:28:11
Image_0051, http://127.0.0.1:5500/Categories%5Caccordion%5Cimage_0051.jpg, , 61.jpg, , n/a, 2025-09-18_02:28:12
Image_0052, http://127.0.0.1:5500/Categories%5Caccordion%5Cimage_0052.jpg, , 12.jpg, , n/a, 2025-09-18_02:28:12
Image_0053, http://127.0.0.1:5500/Categories%5Caccordion%5Cimage_0053.jpg, , 75.jpg, , n/a, 2025-09-18_02:28:12
Image_0054, http://127.0.0.1:5500/Categories%5Caccordion%5Cimage_0054.jpg, , 89.jpg, , n/a, 2025-09-18_02:28:12
Image_0055, http://127.0.0.1:5500/Categories%5Caccordion%5Cimage_0055.jpg, , 54.jpg, , n/a, 2025-09-18_02:28:12
